{"val_loss": [0.15501347126960754, 0.07152883014678955, 0.07725537840723991, 0.07272115505933761, 0.05651605376005173, 0.0646388416171074, 0.16604779036045075, 0.04541251813173294, 0.04590561800599098, 0.03417747592926025, 0.024747216227650644], "val_acc": [0.9492999995231628, 0.9786999984741211, 0.977300000667572, 0.9791000005722046, 0.9820999982833862, 0.9786000007629394, 0.9490999994277954, 0.9850999982833862, 0.9859999981880188, 0.9896999979019165, 0.992799997806549], "loss": [0.3778522822936376, 0.05512483380436897, 0.03378574951688448, 0.023386830506722134, 0.01930902296801408, 0.013082891485095024, 0.009819788730144502, 0.008741430857529243, 0.006741297707085808, 0.006257020583872994, 0.004037773429354032], "acc": [0.8903333332379659, 0.9839999999046326, 0.9903499997138977, 0.9937166665712992, 0.9944999997138977, 0.9962499997138977, 0.9975000001271566, 0.9976833333333334, 0.9981166666666667, 0.9983666666666666, 0.9991333333969116]}